ts_unix,pod,nodo,cpu_m,mem_mi
1789070695,processor-79945475-f9bzw,hyrox-worker,80,35
1789070701,processor-79945475-f9bzw,hyrox-worker,80,35
1789070707,processor-79945475-f9bzw,hyrox-worker,414,35
1789070714,processor-79945475-f9bzw,hyrox-worker,414,35
1789070720,processor-79945475-7t5fw,hyrox-worker2,690,35
1789070720,processor-79945475-f9bzw,hyrox-worker,265,35
1789070726,processor-79945475-7t5fw,hyrox-worker2,690,35
1789070726,processor-79945475-f9bzw,hyrox-worker,265,35
1789070732,processor-79945475-7t5fw,hyrox-worker2,690,35
1789070732,processor-79945475-f9bzw,hyrox-worker,265,35
1789070738,processor-79945475-7t5fw,hyrox-worker2,554,35
1789070738,processor-79945475-f9bzw,hyrox-worker,231,35
1789070745,processor-79945475-7t5fw,hyrox-worker2,554,35
1789070745,processor-79945475-f9bzw,hyrox-worker,231,35
1789070751,processor-79945475-7t5fw,hyrox-worker2,514,35
1789070751,processor-79945475-f9bzw,hyrox-worker,195,35
1789070751,processor-79945475-pcdsp,hyrox-worker,284,35
1789070751,processor-79945475-ptbms,hyrox-worker2,432,35
1789070757,processor-79945475-7t5fw,hyrox-worker2,514,35
1789070757,processor-79945475-f9bzw,hyrox-worker,195,35
1789070757,processor-79945475-pcdsp,hyrox-worker,284,35
1789070757,processor-79945475-ptbms,hyrox-worker2,432,35
1789070763,processor-79945475-7t5fw,hyrox-worker2,514,35
1789070763,processor-79945475-f9bzw,hyrox-worker,195,35
1789070763,processor-79945475-pcdsp,hyrox-worker,284,35
1789070763,processor-79945475-ptbms,hyrox-worker2,432,35
1789070769,processor-79945475-7t5fw,hyrox-worker2,244,35
1789070769,processor-79945475-f9bzw,hyrox-worker,114,35
1789070769,processor-79945475-pcdsp,hyrox-worker,257,35
1789070769,processor-79945475-ptbms,hyrox-worker2,251,35
1789070774,processor-79945475-7t5fw,hyrox-worker2,244,35
1789070774,processor-79945475-f9bzw,hyrox-worker,114,35
1789070774,processor-79945475-pcdsp,hyrox-worker,257,35
1789070774,processor-79945475-ptbms,hyrox-worker2,251,35
1789070780,processor-79945475-7t5fw,hyrox-worker2,244,35
1789070780,processor-79945475-f9bzw,hyrox-worker,114,35
1789070780,processor-79945475-pcdsp,hyrox-worker,257,35
1789070780,processor-79945475-ptbms,hyrox-worker2,251,35
1789070785,processor-79945475-7t5fw,hyrox-worker2,281,35
1789070785,processor-79945475-f9bzw,hyrox-worker,146,35
1789070785,processor-79945475-pcdsp,hyrox-worker,119,35
1789070785,processor-79945475-ptbms,hyrox-worker2,305,35
1789070791,processor-79945475-7t5fw,hyrox-worker2,281,35
1789070791,processor-79945475-f9bzw,hyrox-worker,146,35
1789070791,processor-79945475-pcdsp,hyrox-worker,119,35
1789070791,processor-79945475-ptbms,hyrox-worker2,305,35
1789070797,processor-79945475-7t5fw,hyrox-worker2,281,35
1789070797,processor-79945475-f9bzw,hyrox-worker,300,35
1789070797,processor-79945475-pcdsp,hyrox-worker,302,35
1789070797,processor-79945475-ptbms,hyrox-worker2,311,35
1789070803,processor-79945475-7t5fw,hyrox-worker2,281,35
1789070803,processor-79945475-f9bzw,hyrox-worker,300,35
1789070803,processor-79945475-pcdsp,hyrox-worker,302,35
1789070803,processor-79945475-ptbms,hyrox-worker2,311,35
1789070809,processor-79945475-7t5fw,hyrox-worker2,281,35
1789070809,processor-79945475-f9bzw,hyrox-worker,300,35
1789070809,processor-79945475-pcdsp,hyrox-worker,302,35
1789070809,processor-79945475-ptbms,hyrox-worker2,311,35
1789070816,processor-79945475-7t5fw,hyrox-worker2,258,35
1789070816,processor-79945475-f9bzw,hyrox-worker,280,35
1789070816,processor-79945475-pcdsp,hyrox-worker,234,35
1789070816,processor-79945475-ptbms,hyrox-worker2,229,35
1789070822,processor-79945475-7t5fw,hyrox-worker2,258,35
1789070822,processor-79945475-f9bzw,hyrox-worker,280,35
1789070822,processor-79945475-pcdsp,hyrox-worker,234,35
1789070822,processor-79945475-ptbms,hyrox-worker2,229,35
1789070828,processor-79945475-7t5fw,hyrox-worker2,285,35
1789070828,processor-79945475-f9bzw,hyrox-worker,280,35
1789070828,processor-79945475-pcdsp,hyrox-worker,294,35
1789070828,processor-79945475-ptbms,hyrox-worker2,299,35
1789070834,processor-79945475-7t5fw,hyrox-worker2,285,35
1789070834,processor-79945475-f9bzw,hyrox-worker,280,35
1789070834,processor-79945475-pcdsp,hyrox-worker,294,35
1789070834,processor-79945475-ptbms,hyrox-worker2,299,35
1789070840,processor-79945475-7t5fw,hyrox-worker2,291,35
1789070840,processor-79945475-f9bzw,hyrox-worker,264,35
1789070840,processor-79945475-pcdsp,hyrox-worker,280,35
1789070840,processor-79945475-ptbms,hyrox-worker2,283,35
1789070847,processor-79945475-7t5fw,hyrox-worker2,291,35
1789070847,processor-79945475-f9bzw,hyrox-worker,264,35
1789070847,processor-79945475-pcdsp,hyrox-worker,280,35
1789070847,processor-79945475-ptbms,hyrox-worker2,283,35
1789070853,processor-79945475-7t5fw,hyrox-worker2,291,35
1789070853,processor-79945475-f9bzw,hyrox-worker,264,35
1789070853,processor-79945475-pcdsp,hyrox-worker,280,35
1789070853,processor-79945475-ptbms,hyrox-worker2,283,35
1789070859,processor-79945475-7t5fw,hyrox-worker2,309,35
1789070859,processor-79945475-f9bzw,hyrox-worker,349,35
1789070859,processor-79945475-pcdsp,hyrox-worker,306,35
1789070859,processor-79945475-ptbms,hyrox-worker2,299,35
1789070865,processor-79945475-7t5fw,hyrox-worker2,309,35
1789070865,processor-79945475-f9bzw,hyrox-worker,349,35
1789070865,processor-79945475-pcdsp,hyrox-worker,306,35
1789070865,processor-79945475-ptbms,hyrox-worker2,299,35
1789070871,processor-79945475-7t5fw,hyrox-worker2,309,35
1789070871,processor-79945475-f9bzw,hyrox-worker,314,35
1789070871,processor-79945475-pcdsp,hyrox-worker,300,35
1789070871,processor-79945475-ptbms,hyrox-worker2,298,35
1789070877,processor-79945475-7t5fw,hyrox-worker2,309,35
1789070877,processor-79945475-f9bzw,hyrox-worker,314,35
1789070877,processor-79945475-pcdsp,hyrox-worker,300,35
1789070877,processor-79945475-ptbms,hyrox-worker2,298,35
1789070883,processor-79945475-7t5fw,hyrox-worker2,309,35
1789070883,processor-79945475-f9bzw,hyrox-worker,314,35
1789070883,processor-79945475-pcdsp,hyrox-worker,300,35
1789070883,processor-79945475-ptbms,hyrox-worker2,298,35
1789070889,processor-79945475-7t5fw,hyrox-worker2,306,35
1789070889,processor-79945475-f9bzw,hyrox-worker,346,35
1789070889,processor-79945475-pcdsp,hyrox-worker,297,35
1789070889,processor-79945475-ptbms,hyrox-worker2,316,35
1789070895,processor-79945475-7t5fw,hyrox-worker2,306,35
1789070895,processor-79945475-f9bzw,hyrox-worker,346,35
1789070895,processor-79945475-pcdsp,hyrox-worker,297,35
1789070895,processor-79945475-ptbms,hyrox-worker2,316,35
1789070901,processor-79945475-7t5fw,hyrox-worker2,501,35
1789070901,processor-79945475-f9bzw,hyrox-worker,277,35
1789070901,processor-79945475-pcdsp,hyrox-worker,297,35
1789070901,processor-79945475-ptbms,hyrox-worker2,343,35
1789070906,processor-79945475-7t5fw,hyrox-worker2,501,35
1789070906,processor-79945475-f9bzw,hyrox-worker,277,35
1789070906,processor-79945475-pcdsp,hyrox-worker,297,35
1789070906,processor-79945475-ptbms,hyrox-worker2,343,35
1789070912,processor-79945475-7t5fw,hyrox-worker2,501,35
1789070912,processor-79945475-f9bzw,hyrox-worker,277,35
1789070912,processor-79945475-pcdsp,hyrox-worker,297,35
1789070912,processor-79945475-ptbms,hyrox-worker2,343,35
1789070917,processor-79945475-7t5fw,hyrox-worker2,98,35
1789070917,processor-79945475-f9bzw,hyrox-worker,872,35
1789070917,processor-79945475-pcdsp,hyrox-worker,211,35
1789070917,processor-79945475-ptbms,hyrox-worker2,13,35
1789070922,processor-79945475-7t5fw,hyrox-worker2,98,35
1789070922,processor-79945475-f9bzw,hyrox-worker,872,35
1789070922,processor-79945475-pcdsp,hyrox-worker,211,35
1789070922,processor-79945475-ptbms,hyrox-worker2,13,35
